prompt,response,response_score,concept
Explain this concept in simple terms,"Genetic mutations are changes that happen in our genes. Genes are like instructions that tell our body how to grow and function. Just like how a typo or mistake can happen when we type or write something, mutations are mistakes that can happen when our genes are copied.

These mutations can happen for different reasons, such as exposure to radiation or certain chemicals, or they can happen randomly. Some mutations can be harmless and have no effect on our health, while others can cause genetic disorders or increase the risk of certain diseases.

Mutations can happen in different ways. Sometimes, a mutation can change just one letter in our DNA code, and other times, it can change larger parts of our genes. These changes can alter the instructions that our genes give to our body, which can lead to different outcomes.

It's important to note that not all mutations are bad. In fact, some mutations can actually be beneficial. They can help us adapt to our environment and even contribute to evolution. However, harmful mutations can cause health problems, and scientists and doctors study them so they can better understand and treat genetic diseases.","90 out of 100. The explanation is comprehensive and easy to understand. It covers the basics of what genetic mutations are, how they can occur, their consequences and their potential benefits. However, it might be enhanced with some specific examples or more detailed explanation on the types of genetic mutations (such as insertion, deletion, and substitution).",Genetic Mutations
Explain the following concept:,"Genetic mutations are changes that occur in an organism's DNA sequence. DNA is the genetic material that contains instructions for the development and functioning of all living organisms. Mutations can occur spontaneously during DNA replication or can be caused by external factors such as radiation or certain chemicals.

Mutations can have different effects on an organism. Some mutations are harmful and can cause genetic disorders or diseases. For example, a mutation in the BRCA1 gene is associated with an increased risk of breast and ovarian cancer. Other mutations can be beneficial and provide an advantage for the organism in certain environments. For example, a mutation in the gene that controls the production of hemoglobin can provide resistance to malaria.

Mutations can occur in different parts of the DNA sequence. Point mutations involve changes in a single nucleotide base, such as a substitution, insertion, or deletion. These changes can alter the protein that is produced from the gene and affect its function. Chromosomal mutations involve changes in the structure or number of chromosomes. These mutations can lead to genetic disorders such as Down syndrome or Turner syndrome.

Mutations can occur in somatic cells or germ cells. Somatic mutations occur in non-reproductive cells and are not passed on to offspring. These mutations can contribute to the development of cancer or other diseases. Germ line mutations occur in the reproductive cells (eggs or sperm) and can be passed on to the next generation. These mutations play a role in genetic inheritance and evolution.

In summary, genetic mutations are changes in an organism's DNA sequence that can have different effects, ranging from harmful to beneficial. They can occur spontaneously or be caused by external factors, and can affect the function of genes and chromosomes. Understanding mutations is important in the study of genetics, evolution, and the development of treatments for genetic disorders.","I would give this response a score 96/100. It is a comprehensive and detailed explanation of genetic mutations, covering many important aspects such as the causes of genetic mutations, types and effects of mutations, and the different cells in which mutations can occur. It correctly identifies examples of diseases and traits linked to mutations and touches upon the significance of understanding mutations. It loses a few points as it could better explain the role of mutation in evolution and dive a little deeper into how our understanding of mutations can lead to the development of treatments. Nevertheless, it is an excellent overall explanation.",Genetic Mutations
Explain this:,"Genetic mutations refer to alterations or changes that occur in the DNA sequence of an organism. DNA is the genetic material that carries the instructions necessary for the growth, development, and functioning of all living organisms. Mutations can happen due to errors during DNA replication, exposure to certain environmental factors such as radiation or chemicals, or even as a result of normal cellular processes.

There are different types of genetic mutations, including substitution, deletion, insertion, duplication, and inversion. Substitution occurs when a nucleotide (the building block of DNA) is replaced by a different nucleotide. Deletion happens when a nucleotide is removed from the DNA sequence, while insertion occurs when an extra nucleotide is added. Duplication involves the replication of a sequence of nucleotides, resulting in an additional copy, and inversion involves a rearrangement of the nucleotide sequence.

Genetic mutations can have various effects on an organism. Some mutations are silent, meaning they do not have any noticeable impact on the organism. However, other mutations can be harmful and lead to genetic disorders or diseases. For example, a mutation in a gene responsible for producing a particular protein could result in the protein being non-functional or produced in an abnormal quantity, which can lead to abnormal functioning of the organism or the manifestation of a disease.

On the other hand, some mutations can be beneficial. These beneficial mutations can provide an organism with an advantage in its environment, such as improved resistance to diseases or increased survival ability. Over time, these beneficial mutations can accumulate in populations through a process known as natural selection, ultimately contributing to the evolution of species.

Genetic mutations play a significant role in biology, medicine, and evolutionary biology. Scientists study mutations to better understand genetic diseases, develop new treatments, and track the evolutionary history of organisms. Additionally, genetic mutations are also a crucial concept in genetic engineering and biotechnology, as they can be intentionally induced or manipulated to achieve desired traits or characteristics in organisms.","I would give this response a score of 95 out of 100. The answer is very thorough, detailed, and accurate, providing an excellent overview of genetic mutations. It uses proper scientific terminology and provides engaging examples. It also explains the different types of mutations and their potential effects on an organism, which is important for understanding the concept. The only minor missing aspect is a more detailed illustration of how some specific, concrete mutations might have an impact on an organism to make the concept more tangible for non-scientists. Yet, overall, it is excellent work.",Genetic Mutations
Break down this concept for a beginner:,"Genetic mutations are changes that occur in the DNA sequence of an organism. To understand this concept, let's start with DNA.

DNA, or deoxyribonucleic acid, is like a blueprint that contains all the instructions for how an organism grows, develops, and functions. It is made up of four building blocks called nucleotides - adenine (A), thymine (T), cytosine (C), and guanine (G). These nucleotides form long strands that are twisted together to form a double helix structure.

Sometimes, due to various factors like environmental exposure or mistakes during DNA replication, changes can happen in the genetic code. These changes are called mutations. Mutations can occur in a single nucleotide (known as a point mutation) or larger portions of DNA.

There are different types of mutations, but the three most common types are substitutions, deletions, and insertions. 

Substitutions occur when one nucleotide is replaced by another. For example, if the original sequence was AGTCA and a substitution mutation occurs, it might change to AGCCA.

Deletions happen when one or more nucleotides are removed from the DNA sequence. For instance, if the original sequence was ATTGCC, a deletion mutation might lead to ATGCC.

Insertions occur when one or more nucleotides are added into the DNA sequence. For example, if the original sequence was GATCG, an insertion mutation might cause it to become GAATCG.

These mutations can have different effects on an organism. Sometimes, mutations have no noticeable effect at all. Other times, they can cause genetic disorders or diseases. In rare cases, mutations can even be beneficial and provide an advantage to an organism's survival.

It is important to study and understand genetic mutations since they play a crucial role in evolution and the development of different species. Scientists use various techniques to identify and study mutations, which helps us learn more about genetics, diseases, and how organisms adapt and change over time.","I would rate this response as a 95 out of 100. It's comprehensive, clear and provides good illustrative examples. It loses points for missing some related concepts such as silent, missense, and nonsense mutations, and frameshift mutations. It also misses the opportunity to mention the difference between germline and somatic mutations. Overall, it's a very good explanation but lacks certain details that are important to fully understanding the topic.",Genetic Mutations
Can you simplify the explanation of the following concept:,"Genetic mutations are changes that occur in our DNA. DNA carries the instructions for our cells to function and develop, so when a mutation happens, it can affect how our body works. Mutations can be caused by various factors like radiation, chemicals, or even errors that occur when DNA is being copied. Some mutations cause no harm, while others can lead to health conditions or diseases. Overall, genetic mutations are changes in our DNA that can impact our biology in different ways.","I would give this response a score of 90 out of 100. It's a solid explanation of genetic mutations with proper identification of the function of DNA, possible causes of mutations, and their potential effects. It only lacks a small amount of detail, such as mentioning specific types of mutations (like point mutations, frameshift mutations, or chromosomal mutations), to make it a complete answer.",Genetic Mutations
Explain this concept in simple terms,"Sure! Utilitarianism is a concept that says the best action is the one that creates the most happiness or well-being for the greatest number of people. It focuses on the overall happiness or utility that is produced by an action, rather than just the happiness of one person. In other words, it's about maximizing the overall good for the most people. So, if you have to make a decision, you should choose the option that will bring the most happiness or well-being to the most people.","I would give this response a 90 out of 100. It covers the key points of utilitarianism accurately and comprehensibly, making good use of examples and explaining the primary focus on maximum happiness for the greatest number. However, it could be improved by addressing criticisms or limitations of this philosophy and mentioning key thinkers associated with it, such as Jeremy Bentham and John Stuart Mill.",Utilitarianism
Explain the following concept:,"Utilitarianism is a philosophical theory that focuses on the ethical principle of maximizing overall happiness or well-being. It is based on the idea that actions should be judged by their consequences and their ability to produce the greatest amount of happiness for the greatest number of people.

According to utilitarianism, what is morally right or wrong is determined by the outcome of an action. The ultimate goal is to create the greatest overall happiness and reduce suffering for as many individuals as possible. This approach emphasizes the importance of considering the collective well-being rather than individual desires or preferences.

Utilitarianism also emphasizes the principle of impartiality. It suggests that all individuals should be given equal consideration when making ethical decisions, and their happiness or well-being should be valued equally. This means that no one's happiness or well-being should be prioritized over others.

There are two main types of utilitarianism: act utilitarianism and rule utilitarianism. Act utilitarianism focuses on evaluating the morality of individual actions. It determines what is right or wrong based on the specific consequences of an action in a given situation. Rule utilitarianism, on the other hand, focuses on evaluating the morality of following certain rules or principles rather than specific actions. It looks at the overall consequences of a rule being consistently followed in different situations.

While utilitarianism provides a framework for determining right and wrong based on the greatest overall happiness, it has also been subject to philosophical criticisms. One major criticism is the challenge of accurately measuring happiness or well-being. Determining the overall consequences and predicting the potential happiness or suffering resulting from an action can be complex and subjective. Additionally, utilitarianism does not always account for individual rights and may overlook certain moral considerations in pursuit of maximizing overall happiness.","I would give this response about Utilitarianism a score of 95. It comprehensively explains the concept, different types, principle of impartiality, and the pros and cons of the philosophy. However, it might improve by providing a few real-life examples, and elaborating more on its historical context and key proponents.",Utilitarianism
Explain this:,"Utilitarianism is a moral philosophy that focuses on maximizing overall happiness or well-being for the greatest number of people. It was first popularized by philosophers such as Jeremy Bentham and John Stuart Mill.

According to utilitarianism, the morality of an action is determined by its consequences. An action is morally right if it leads to the greatest amount of happiness or pleasure for the most number of people, and it is morally wrong if it leads to unhappiness or pain.

Utilitarianism emphasizes the importance of considering the consequences of our actions and making decisions that will benefit the greater good. It promotes the idea of impartiality, where the interests of all individuals are given equal consideration when determining what actions to take.

The principle of utility is central to utilitarianism. Utility refers to the overall happiness or well-being that results from an action. Utilitarians believe that actions should be evaluated based on how much happiness they produce and how much suffering they prevent.

Utilitarianism can be applied to a wide range of ethical dilemmas and social issues, such as healthcare allocation, criminal justice, and environmental policies. Critics of utilitarianism argue that it can sometimes lead to unjust consequences or ignore the rights of individuals in favor of the majority. However, proponents of utilitarianism claim that it provides a practical and impartial framework for decision-making that aims to maximize overall happiness and benefit society as a whole.","This response is well-structured, in-depth, and accurate in its representation of utilitarianism. It covers the key principles and historical context of the philosophy and accurately describes its application and criticisms. I would give it a score of 95 out of 100. A few more specific examples could have pushed it even closer to the full mark.",Utilitarianism
Break down this concept for a beginner:,"Utilitarianism is an ethical theory that focuses on maximizing overall happiness or well-being. It suggests that an action is morally right if it leads to the greatest amount of happiness for the greatest number of people.

In utilitarianism, the consequences of an action are crucial in determining its ethical value. The most important factor to consider is how much happiness or pleasure an action will generate and how much suffering or pain it will reduce or prevent.

This theory is often associated with the principle of the greatest happiness or greatest utility. According to utilitarianism, the ""right"" action is the one that produces the most good for the most people, regardless of personal preferences or individual rights.

For example, imagine you have a pie and three people who want a slice. A utilitarian would argue that the morally right thing to do is to cut the pie in a way that maximizes the total happiness. If one person really loves pie and the other two are only mildly interested, the best option would be to give the majority of the pie to the person who loves it the most, resulting in the greatest overall happiness.

It's important to note that utilitarianism does not mean completely disregarding individual needs or rights. Rather, it emphasizes the importance of considering the overall impact of actions on the well-being of all individuals involved.

Overall, utilitarianism is a moral framework that prioritizes maximizing overall happiness or well-being and taking into account the consequences of actions. It is often used to guide decision-making in fields such as ethics, economics, and public policy.","I would score this explanation a 98 out of 100. It gives a comprehensive breakdown of the principle of utilitarianism, providing both a definition of the theory and a clear example. It accurately conveys the central tenets of utilitarianism, such as the focus on maximizing happiness for the greatest number of people and considering the consequences of actions. The only slight omission is not expressly mentioning some of the criticism or potential limitations of this theory, such as difficulty in measuring happiness or conflict with the concept of justice which could otherwise have nuanced the understanding of utilitarianism.",Utilitarianism
Can you simplify the explanation of the following concept:,"Utilitarianism is an ethical theory that focuses on maximizing overall happiness or well-being. According to this concept, the right action is the one that produces the greatest amount of good for the greatest number of people. It is a straightforward approach that seeks to bring about the most positive outcome for the majority.","I would give the response an 85. It has accurately explained the central concept of utilitarianism as being focused on maximizing overall happiness or well-being, and the idea that the right action is the one that produces the greatest amount of good for the greatest number of people. However, it could provide a more nuanced discussion of utilitarianism and reference key philosophers associated with this theory such as Jeremy Bentham and John Stuart Mill, as well as discuss potential criticisms or downsides of the approach.",Utilitarianism
Explain this concept in simple terms,"Overfitting is a problem that can happen in machine learning when a model is too closely fitted to the training data. It is like a student who memorizes answers to specific questions without really understanding the underlying concepts. 

When a model overfits, it learns the training data so well that it does not perform well on unseen or new data. It is like a student who performs poorly on a test because they focused too much on specific examples during study time and did not learn the broader principles. 

Overfitting happens when a model becomes too complex and starts to memorize the noise or random variations in the training data, rather than learning the underlying patterns or relationships. This can lead to poor generalization, meaning the model struggles to make accurate predictions on new or unseen data. 

To avoid overfitting, it is important to have enough varied data for training, use regularization techniques to simplify the model, and to evaluate the model's performance on separate validation or test data. This helps ensure that the model learns the underlying patterns rather than just memorizing the training examples.","This is an excellent explanation of the concept of overfitting in machine learning and includes relevant analogies, causes, and prevention strategies. Its comprehensiveness and clarity earn it a score of 95 out of 100. The 5 points deduction is just for not exploring other methods to avoid overfitting, such as early stopping or pruning, in more depth. Other than that, the explanation is superb.",Overfitting in Machine Learning
Explain the following concept:,"Overfitting is a concept in machine learning where a model performs exceptionally well on the training data but fails to generalize well on new, unseen data. In other words, the model becomes too closely tailored to the training set and loses its ability to make accurate predictions on different data.

Overfitting occurs when a machine learning algorithm learns not only the underlying patterns in the data but also the noise or random fluctuations present in the training set. The model becomes too complex and overly sensitive to the specific data points in the training set, leading to poor performance on new data.

A common cause of overfitting is having too many features or parameters relative to the amount of available training data. With a large number of parameters, the model can become highly flexible and fit the training data precisely, even capturing random noise. This results in decreased generalization performance.

To detect overfitting, it is essential to evaluate the model's performance on a separate validation or test dataset. If the model's performance on the validation set is significantly worse than on the training set, it is a sign of overfitting.

Methods to mitigate overfitting include:

1. Regularization: Introducing a penalty term to the model's objective function that discourages extreme parameter values. This helps prevent the model from becoming overly complex.

2. Cross-validation: Splitting the available data into multiple subsets and evaluating the model performance on each subset. This gives a more accurate estimate of the model's generalization capability.

3. Early stopping: Stopping the training process before the model starts overfitting. This is determined based on validation set performance. By monitoring the model's performance during training, overfitting can be avoided.

4. Feature selection: Identifying and selecting only the most relevant features that contribute significantly to the model's performance. Removing irrelevant or redundant features can reduce the chance of overfitting.

Overall, the goal is to find the balance between model complexity and generalization performance to avoid overfitting and ensure the model performs well on unseen data.","I would score this response a 95 out of 100. It presents a comprehensive and correct explanation of overfitting, complete with relevant examples of causes and mitigation strategies. The response is understandable and flows logically from defining the concept, identifying causes, detecting overfitting, to providing solutions. However, the inclusion of additional examples or metaphors could help a non-expert audience fully understand the concept, hence a score slightly less than a perfect score. This is a minor improvement and doesn't take away substantially from the overall quality of the response. Overall, excellent work.",Overfitting in Machine Learning
Explain this:,"Overfitting is a common problem in machine learning where a model effectively memorizes the training data instead of learning the underlying patterns or relationships. In other words, the model becomes too specialized and specific to the training data, making it less capable of generalizing to new, unseen data.

This phenomenon occurs when a model becomes overly complex, typically by having too many parameters or by fitting the noise or random fluctuations in the training data. As a result, the model starts to capture and incorporate these noise patterns as important signal, leading to poor performance on new data.

One way to understand overfitting is to consider the bias-variance trade-off. Bias represents the error introduced by approximating a real-world problem with a simplified model. High bias models are typically underfitting, meaning they are too simplistic and have poor performance on both the training and test data. On the other hand, variance refers to the sensitivity of the model to the specific training data. High variance models tend to overfit, as they are too flexible and adapt too much to the noise in the training data, resulting in significantly better performance on the training data but poor performance on the test data.

To combat overfitting, various techniques can be employed. One common approach is to use regularization techniques such as L1 and L2 regularization, which introduce a penalty term to the model's loss function, discouraging it from learning complex and overfitting patterns. Cross-validation can also be used to assess the model's performance, as it provides a way to evaluate its generalization ability on unseen data. Another technique is to increase the amount of training data, as having more diverse examples can help the model learn a more generalized representation of the problem.

Overall, overfitting is an important consideration in machine learning as it can significantly impact the model's performance. By understanding and addressing this issue, one can build more robust and reliable machine learning models.","95/100. The answer concisely explains the concept of overfitting in machine learning. It explains what overfitting is, the causes, and the impact on the model's performance. It also outlines ways to mitigate overfitting, effectively detailing overall knowledge. The explanation of the bias-variance trade-off is particularly helpful and insightful. For a perfect score, it could briefly mention other techniques like pruning, early stopping, or using simpler models like linear regression or logistic regression, which are less prone to overfitting. It could also reference some real-world implications or examples to make the concept even more relatable.",Overfitting in Machine Learning
Break down this concept for a beginner:,"Overfitting is a phenomenon in machine learning where a model performs very well on the training data but fails to generalize well on unseen or new data. In other words, the model learns and memorizes the training data so well that it becomes too specialized and unable to make accurate predictions on unfamiliar data.

Imagine you are trying to teach a computer how to classify cats and dogs based on a set of images. You show it a thousand images of cats and dogs, and the computer learns patterns and features specific to those images to accurately identify them. However, if you push it too far and provide excessively detailed or specific examples, it might start learning features that are unique to the training set, but not necessarily representative of all cats and dogs. For example, it might learn that a specific dog breed always appears with a certain background color in the training images, and it starts assuming that this is a defining feature of that breed.

The problem with overfitting is that when you give the model new images to classify, it may struggle or fail altogether because these images don't have the exact features it has memorized during training. In other words, the model becomes too rigid and overly sensitive to noise or peculiarities in the training data.

The key idea is that while the model needs to learn from the training data, it also needs to generalize well to new, unseen data. To address overfitting, you can try techniques like:

1. Simplifying the model: Reducing its complexity can prevent it from becoming too specialized and over-reliant on specific patterns.

2. Increasing the amount of training data: Providing a larger and more diverse dataset can help the model capture more general patterns and reduce the chances of overfitting.

3. Regularization techniques: These methods introduce penalties or constraints on the model's learning process to discourage overfitting. They can include things like L1 or L2 regularization or dropout.

4. Cross-validation: Splitting the available data into multiple sets for training, validation, and testing can help you evaluate the model's performance on unseen data and detect overfitting.

By understanding the concept of overfitting and employing appropriate methods, you can build machine learning models that generalize well and make accurate predictions on new data.","I would give this response a score of 95 out 100. The explanation is thorough and it accurately and clearly explains the concept of overfitting in machine learning. It not only provides a concise definition but also provides an easy-to-understand analogy that demonstrates an instance of overfitting. Lastly, it presents possible strategies to avoid overfitting. The explanation could be improved by providing more detailed examples, particularly in illustrating the solutions to overfitting. For example, briefly explaining what L1 and L2 regularization are. But overall, it's an excellent explanation for someone trying to understand the concept.",Overfitting in Machine Learning
Can you simplify the explanation of the following concept:,"Certainly! Overfitting in machine learning occurs when a model learns the training data too well and is unable to generalize well to new, unseen data. In simpler terms, it's like memorizing answers instead of understanding the underlying concepts.

Imagine you're preparing for a test. If you only study and memorize the exact answers to the practice questions, you may do well on those specific questions, but you won't be prepared to answer new, unfamiliar questions. Similarly, in machine learning, if a model becomes too focused on the exact patterns and details of the training data, it won't be able to accurately predict outcomes for new, real-world data.

To avoid overfitting, it is important to strike a balance between fitting the training data well and generalizing to unseen data. This can be achieved through techniques such as regularization, cross-validation, and using a larger and more diverse dataset for training.","I would rate this response as a 95/100. The response gives a comprehensive understanding of overfitting in the context of machine learning by offering a relatable analogy with studying for a test. It also touches upon the importance of balancing training data and generalizing to unseen data for avoiding overfitting. Additionally, it mentions methods such as regularization, cross-validation, and the use of a diverse dataset for reducing overfitting.

However, there is some room for improvement. The response could be enhanced with a more detailed explanation or more specific examples of the techniques mentioned to avoid overfitting (i.e., regularization, cross-validation, and diverse datasets). Also, it could have highlighted the possible consequences of overfitting such as poor predictive performance and misleading representations of data patterns.",Overfitting in Machine Learning
Explain this concept in simple terms,"The Pythagorean Theorem is a mathematical idea that helps us find the length of one side of a right triangle when we know the lengths of the other two sides. 

A right triangle is a shape with one angle that measures exactly 90 degrees, like the right angle of the letter ""L"". 

The theorem says that if we call the two shorter sides of the triangle ""a"" and ""b"", and the longest side (across from the right angle) ""c"", then the squared value of ""c"" (c²) is equal to the sum of the squared values of ""a"" (a²) and ""b"" (b²).

This means that if we know the values of ""a"" and ""b"", we can use the theorem to figure out the value of ""c"". It helps us solve problems involving right triangles and find missing side lengths.","I'd give this explanation a score of 95 out of 100. It does a great job explaining the Pythagorean Theorem in simple terms and gives a clear understanding of the concepts. A few extra points could have been acquired by mentioning that the Pythagorean Theorem only applies to right triangles, or by providing a practical example to illustrate the concept. Overall, it is an excellent explanation.",The Pythagorean Theorem
Explain the following concept:,"The Pythagorean Theorem is a fundamental concept in mathematics, named after the ancient Greek mathematician Pythagoras. It relates to right triangles, which are triangles that have one angle measuring 90 degrees.

The theorem states that in a right triangle, the square of the length of the hypotenuse (the side opposite the right angle) is equal to the sum of the squares of the lengths of the other two sides. Mathematically, it can be written as:

a^2 + b^2 = c^2

Where ""a"" and ""b"" represent the lengths of the two legs of the triangle, and ""c"" represents the length of the hypotenuse.

In other words, if you have a right triangle, you can use the Pythagorean Theorem to find the length of any missing side. For example, if you know the lengths of two sides, you can calculate the length of the third side. Or if you know the length of the hypotenuse and one of the legs, you can find the length of the other leg.

The Pythagorean Theorem has countless applications in various fields, such as engineering, architecture, physics, and even everyday situations like measuring distances. It is one of the most important and widely used theorems in mathematics.","This is a well structured, detailed, and accurate explanation of the Pythagorean Theorem. Considering the completeness, accuracy, and relevance of the content, as well as the variety of examples and applications given, I would give this response a score of 95 out of 100. The statement could be improved by including some limitations or special cases of application of the theorem, as well as a bit more historical context.",The Pythagorean Theorem
Explain this:,"The Pythagorean Theorem is a mathematical principle that relates the lengths of the sides of a right triangle. It states that in any right triangle, the square of the length of the hypotenuse (the side opposite the right angle) is equal to the sum of the squares of the lengths of the other two sides.

In equation form, it can be written as:

a^2 + b^2 = c^2

Where ""a"" and ""b"" are the lengths of the two shorter sides (also known as the legs) of the triangle, and ""c"" is the length of the hypotenuse. 

This theorem is named after the ancient Greek mathematician Pythagoras, who is credited with discovering or proving it. The Pythagorean Theorem is fundamental to many areas of mathematics and has numerous applications in fields such as geometry, trigonometry, physics, and engineering.",I would rate that response as 95 out of 100. It is well-written and covers the core definition and the equation of the Pythagorean Theorem. It also includes the historical origin of the theorem and mentions its importance in fields beyond just mathematics. The slight deduction of 5 points is because it didn't provide an illustration or a real-world example that could further aid understanding.,The Pythagorean Theorem
Break down this concept for a beginner:,"The Pythagorean Theorem is a mathematical concept that relates to right triangles. A right triangle is a triangle with one angle that measures exactly 90 degrees.

The theorem states that in a right triangle, the square of the length of the hypotenuse (the side opposite the right angle) is equal to the sum of the squares of the lengths of the other two sides.

In simpler terms, if you have a right triangle, you can use the Pythagorean Theorem to find the length of one side if you know the lengths of the other two sides.

To use the theorem, you square the lengths of the two shorter sides, then add them together. The resulting sum will be equal to the square of the length of the hypotenuse.

For example, let's say you have a right triangle with a side length of 3 units and another side length of 4 units. You want to find the length of the hypotenuse. 

To use the Pythagorean Theorem, you square the lengths of the two shorter sides: 3^2 = 9 and 4^2 = 16. Then, you add these two squares together: 9 + 16 = 25. Finally, you take the square root of this sum to find the length of the hypotenuse: √25 = 5.

So, in this example, the length of the hypotenuse is 5 units.

The Pythagorean Theorem is a fundamental concept in geometry and has many practical applications, such as in calculating distances or determining if a triangle is a right triangle based on its side lengths.","I would rate this response a solid 95 out of 100. It provides a comprehensive yet easily understandable explanation of the Pythagorean Theorem, gives an example to demonstrate the calculation, and mentions its practical applications. However, to reach 100, it could better emphasize that Pythagorean theorem only applies to right triangles, and not to the triangles in general.",The Pythagorean Theorem
Can you simplify the explanation of the following concept:,The Pythagorean Theorem is a formula that helps us find the length of one side of a right triangle when we know the lengths of the other two sides. It says that the square of the length of the hypotenuse (the side opposite the right angle) is equal to the sum of the squares of the other two sides.,I would give that response a score of 95. The response provides a clear explanation of what the Pythagorean Theorem is and how it works. It could be improved by providing the actual formula (a² + b² = c²) to make it more comprehensive.,The Pythagorean Theorem
